{
	"schemaVersion": 1,
	"id": "areas-hint",
	"version": "${version}",
	"name": "areas-hint",
	"description": "This is an example description! Tell everyone what your mod is about!",
	"authors": [
		"Me!"
	],
	"contact": {
		"homepage": "https://fabricmc.net/",
		"sources": "https://github.com/FabricMC/fabric-example-mod"
	},
	"license": "CC0-1.0",
	"icon": "assets/areas-hint/icon.png",
	"environment": "*",
	"entrypoints": {
		"main": [
			"areahint.Areashint"
		],
		"client": [
			"areahint.AreashintClient"
		],
		"fabric-datagen": [
			"areahint.AreashintDataGenerator"
		]
	},
	"mixins": [
		"areas-hint.mixins.json",
		{
			"config": "areas-hint.client.mixins.json",
			"environment": "client"
		}
	],
	"depends": {
		"fabricloader": ">=0.16.14",
		"minecraft": "~1.20.4",
		"java": ">=17",
		"fabric-api": "*"
	},
	"suggests": {
		"another-mod": "*"
	}
}